Customer ID,Customer Name,Email,Age,Phone,Purchase Date,Revenue
C001,Budi Santoso,budi@gmail.com,25,08123456789,01/09/26,Rp 100.000
C001,budi santoso,budi@gmail.com,25,08123456789,2026-09-01,100000
C002,Ani Wulandari,ani@gmail,-,0812xxx,09-01-2026,Rp.120.000
C003,ANDI  PRATAMA,ANDI@GMAIL.COM,31,0812 2222 3333,2026/09/02,150000
C004,Siti Aminah,siti.aminah@yahoo.com,28,+62 813-5555-1212,03/09/26,Rp 90.500
C005,Rudi Hartono,rudi@outlook.com,,081377778888,2026-09-04,Rp 2.500.000
C006,dewi lestari,dewi@gmail.com,34,6281299990000,05-09-2026,175000.00
C007,Joko Widodo Jr,joko@@mail.com,250,0812-4444-5555,2026/09/06,Rp 110.000
C008,Maya Sari,maya@gmail.com,27,08119998877,07/09/26,Rp 130.000
C009,Eko Prasetyo,eko@gmail.com,45,081211112222,2026-09-08,N/A
C010,Lina Marlina,lina@gmail.com,22,0813 6666 7777,tgl?,Rp 99.000
